URL,Last Modified,Second Prefix
https://www.essex.ac.uk/graduation,2025-04-15,graduation
https://www.essex.ac.uk/graduation/publicity,2021-12-02,graduation
https://www.essex.ac.uk/graduation/graduation-receptions,2024-02-28,graduation
https://www.essex.ac.uk/graduation/after-graduation,2024-01-31,graduation
https://www.essex.ac.uk/graduation/class-of-2023,2024-04-12,graduation
https://www.essex.ac.uk/graduation/class-of-2022,2024-04-12,graduation
https://www.essex.ac.uk/graduation/class-of-2021,2024-04-12,graduation
https://www.essex.ac.uk/graduation/class-of-2020,2024-04-12,graduation
https://www.essex.ac.uk/graduation/class-of-2024,2024-07-19,graduation
https://www.essex.ac.uk/graduation/about-the-ceremony,2024-11-14,graduation
https://www.essex.ac.uk/graduation/tickets-and-information,2024-11-11,graduation
https://www.essex.ac.uk/graduation/class-of-2025,2025-04-07,graduation
https://www.essex.ac.uk/graduation/watch-online,2025-04-14,graduation
https://www.essex.ac.uk/graduation/schedules,2025-04-30,graduation
